Place,2007,LL2007,UL2007,2008,LL2008,UL2008,2009,LL2009,UL2009,2010,LL2010,UL2010,2011,LL2011,UL2011,2012,LL2012,UL2012,2013,LL2013,UL2013,2014,LL2014,UL2014,2015,LL2015,UL2015,2016,LL2016,UL2016
Alabama,67.3,59.9,73.9,67.2,60.4,73.3,47.3,39.1,55.6,58.2,52,64.1,68.8,62.4,74.5,71.3,64,77.7,77,68.3,83.9,76.9,67.6,84.2,70.6,63,77.2,77.3,69.7,83.4
AL-Jefferson County,,NaN,NaN,,NaN,NaN,,NaN,NaN,NaN,NaN,NaN,NaN,NaN,NaN,NaN,NaN,NaN,NaN,NaN,NaN,NaN,NaN,NaN,NaN,NaN,NaN,,NaN,NaN
AL-Rest of State,67.3,59.9,73.9,67.2,60.4,73.3,47.3,39.1,55.6,NaN,NaN,NaN,NaN,NaN,NaN,NaN,NaN,NaN,NaN,NaN,NaN,NaN,NaN,NaN,NaN,NaN,NaN,,NaN,NaN
Alaska,64.4,56.8,71.3,63.4,56,70.2,53.3,45,61.5,58.4,51.5,65,64.7,57.1,71.6,59.5,52.5,66.1,63.9,56.9,70.4,67.3,59.8,74.1,66.3,59.9,72.3,68.8,62.2,74.8
Arizona,66.1,58.5,72.9,69.1,62.1,75.4,36.7,30.5,43.3,56,49.2,62.6,60.4,51.1,69,67.5,59.6,74.6,65.1,57,72.3,66.1,57.7,73.6,72.3,65.2,78.5,69.9,61.5,77.2
AZ-Maricopa County,,NaN,NaN,,NaN,NaN,,NaN,NaN,NaN,NaN,NaN,NaN,NaN,NaN,NaN,NaN,NaN,NaN,NaN,NaN,NaN,NaN,NaN,NaN,NaN,NaN,,NaN,NaN
AZ-Rest of State,66.1,58.5,72.9,69.1,62.1,75.4,36.7,30.5,43.3,NaN,NaN,NaN,NaN,NaN,NaN,NaN,NaN,NaN,NaN,NaN,NaN,NaN,NaN,NaN,NaN,NaN,NaN,,NaN,NaN
Arkansas,57.4,50.8,63.8,64.9,57.9,71.4,34.4,28.3,41,56.3,49.2,63.2,66,58.2,73,66.4,58.4,73.6,57.1,48.1,65.6,66,57.3,73.7,66.6,58.8,73.6,67.8,59.7,74.9
California,67.7,62,72.9,70.5,65.6,74.9,49.9,43.7,56.1,54.1,47.4,60.7,70.1,64.3,75.4,66.8,58.9,73.8,69.3,61,76.5,77.9,70.3,84,75,67.5,81.3,65.3,56.5,73.2
CA-Alameda County,69.4,62.9,75.3,,NaN,NaN,,NaN,NaN,NaN,NaN,NaN,NaN,NaN,NaN,NaN,NaN,NaN,NaN,NaN,NaN,NaN,NaN,NaN,NaN,NaN,NaN,,NaN,NaN
CA-Fresno County,,NaN,NaN,,NaN,NaN,,NaN,NaN,NaN,NaN,NaN,NaN,NaN,NaN,NaN,NaN,NaN,NaN,NaN,NaN,NaN,NaN,NaN,NaN,NaN,NaN,,NaN,NaN
CA-Los Angeles County,65,58.1,71.4,67.6,61.5,73.2,50.6,42.6,58.5,58.5,51.2,65.4,,NaN,NaN,,NaN,NaN,NaN,NaN,NaN,NaN,NaN,NaN,NaN,NaN,NaN,,NaN,NaN
CA-Northern CA,,NaN,NaN,58.1,51,65,,NaN,NaN,NaN,NaN,NaN,NaN,NaN,NaN,NaN,NaN,NaN,NaN,NaN,NaN,NaN,NaN,NaN,NaN,NaN,NaN,,NaN,NaN
CA-San Bernardino County,57.5,50.6,64.1,,NaN,NaN,,NaN,NaN,NaN,NaN,NaN,NaN,NaN,NaN,NaN,NaN,NaN,NaN,NaN,NaN,NaN,NaN,NaN,NaN,NaN,NaN,,NaN,NaN
CA-San Diego County,,NaN,NaN,,NaN,NaN,,NaN,NaN,NaN,NaN,NaN,NaN,NaN,NaN,NaN,NaN,NaN,NaN,NaN,NaN,NaN,NaN,NaN,NaN,NaN,NaN,,NaN,NaN
CA-Santa Clara County,,NaN,NaN,73.6,65.7,80.2,,NaN,NaN,NaN,NaN,NaN,NaN,NaN,NaN,NaN,NaN,NaN,NaN,NaN,NaN,NaN,NaN,NaN,NaN,NaN,NaN,,NaN,NaN
CA-Rest of State,69.7,61.1,77.1,71.8,64.6,78,49.6,41.7,57.6,52.5,43.8,61.1,70.1,64.3,75.4,66.8,58.9,73.8,NaN,NaN,NaN,NaN,NaN,NaN,NaN,NaN,NaN,,NaN,NaN
Colorado,64.3,54.8,72.9,74.3,66.4,80.8,46.9,38.3,55.7,56.2,49.1,63.1,65.7,56.5,73.8,71.7,63.2,78.9,69.2,61.9,75.6,72.8,66,78.6,75.4,68.6,81,76.4,68.2,83
CO-Denver,,NaN,NaN,,NaN,NaN,,NaN,NaN,NaN,NaN,NaN,NaN,NaN,NaN,NaN,NaN,NaN,NaN,NaN,NaN,NaN,NaN,NaN,NaN,NaN,NaN,,NaN,NaN
CO-Rest of State,64.3,54.8,72.9,74.3,66.4,80.8,46.9,38.3,55.7,NaN,NaN,NaN,NaN,NaN,NaN,NaN,NaN,NaN,NaN,NaN,NaN,NaN,NaN,NaN,NaN,NaN,NaN,,NaN,NaN
Connecticut,81.2,74.5,86.4,66,58.3,73,34.4,25.5,44.5,57.9,49.8,65.6,74.6,68.8,79.7,77.1,70.9,82.3,78.2,70.6,84.2,73,64.7,79.9,80.6,73.9,85.9,75.7,68,82
Delaware,68.6,61.5,74.9,63.9,56.6,70.6,38.9,32.1,46.2,54.3,48,60.4,63.5,56.2,70.2,72.6,65.4,78.7,71.8,64.7,77.9,74.5,67.1,80.8,79.3,72.5,84.7,78.1,71.1,83.8
District of Columbia,71,63.8,77.2,68.8,61.4,75.3,48.3,41.2,55.5,66.2,58.1,73.5,73.1,66.5,78.8,73.4,66.7,79.2,76.9,68.9,83.4,71.1,63.1,78.1,76.3,69.8,81.8,68.2,61,74.6
Florida,61.8,54.8,68.3,71,65.2,76.2,49,42.4,55.6,68.2,60.9,74.6,66.7,59.6,73.1,68.6,60.6,75.6,70,60.7,78,72.7,63.2,80.5,66.6,59.1,73.4,67.1,58.2,74.9
FL-Duval County,,NaN,NaN,,NaN,NaN,,NaN,NaN,NaN,NaN,NaN,NaN,NaN,NaN,NaN,NaN,NaN,NaN,NaN,NaN,NaN,NaN,NaN,NaN,NaN,NaN,,NaN,NaN
FL-Miami-Dade County,53.8,46.4,61.1,59.2,50.5,67.5,,NaN,NaN,NaN,NaN,NaN,NaN,NaN,NaN,NaN,NaN,NaN,NaN,NaN,NaN,NaN,NaN,NaN,NaN,NaN,NaN,,NaN,NaN
FL-Orange County,,NaN,NaN,69.8,61.5,77,,NaN,NaN,NaN,NaN,NaN,NaN,NaN,NaN,NaN,NaN,NaN,NaN,NaN,NaN,NaN,NaN,NaN,NaN,NaN,NaN,,NaN,NaN
FL-Rest of State,63.2,55,70.7,73.3,66,79.6,49,42.4,55.6,NaN,NaN,NaN,NaN,NaN,NaN,NaN,NaN,NaN,NaN,NaN,NaN,NaN,NaN,NaN,NaN,NaN,NaN,,NaN,NaN
Georgia,65.9,58.4,72.8,67.4,60,74.1,45.8,38.6,53.2,49.6,42.7,56.5,69.5,62.6,75.6,74.7,67.4,80.9,69.8,59.3,78.6,74,65.8,80.9,75.6,68.3,81.7,77.3,70.7,82.7
GA-Fulton/DeKalb Counties,,NaN,NaN,,NaN,NaN,,NaN,NaN,NaN,NaN,NaN,NaN,NaN,NaN,NaN,NaN,NaN,NaN,NaN,NaN,NaN,NaN,NaN,NaN,NaN,NaN,,NaN,NaN
GA-Rest of State,65.9,58.4,72.8,67.4,60,74.1,45.8,38.6,53.2,NaN,NaN,NaN,NaN,NaN,NaN,NaN,NaN,NaN,NaN,NaN,NaN,NaN,NaN,NaN,NaN,NaN,NaN,,NaN,NaN
Hawaii,77.4,70.8,82.9,74.4,67,80.7,46.7,39.2,54.4,63.7,57.1,69.9,74.8,67,81.3,80.2,74,85.1,66.5,57.8,74.1,73.7,66.7,79.7,73.8,67.1,79.6,75.1,68.5,80.7
Idaho,52.9,45.3,60.5,54.2,47.5,60.8,33.6,26.8,41.1,42.6,36,49.5,58.1,49.5,66.1,63,54.5,70.8,70.2,62.9,76.6,65.9,57.5,73.4,71.6,64.4,77.9,73.9,66.7,80
Illinois,65.8,60.6,70.7,65,59.8,69.9,53.7,47.9,59.5,59.5,53.9,64.9,66.3,60.4,71.7,68.5,63.4,73.2,66.8,61.4,71.9,68.3,62.4,73.6,70.8,65.9,75.3,71.5,66.5,76
IL-City of Chicago,60.6,53.6,67.1,70.4,63.4,76.5,55.8,48.2,63.2,64.7,58.5,70.4,72.9,65.8,78.9,60.4,51.4,68.8,64.4,55.5,72.4,67.4,59.5,74.5,72.8,64.9,79.4,67.4,56.1,77.1
IL-Madison/St. Clair Counties,,NaN,NaN,68.4,61.7,74.4,,NaN,NaN,NaN,NaN,NaN,NaN,NaN,NaN,NaN,NaN,NaN,NaN,NaN,NaN,NaN,NaN,NaN,NaN,NaN,NaN,,NaN,NaN
IL-Rest of State,67.6,61,73.6,62.9,56,69.4,53,45.6,60.3,57.7,50.5,64.6,64,56.5,70.9,71.4,65.2,76.8,67.7,60.9,73.8,68.6,61.1,75.2,70.1,64,75.6,72.9,67.3,77.8
Indiana,61.8,56.3,66.9,70.3,63.4,76.4,43.4,37.2,49.9,58.2,51.9,64.3,66.4,59.7,72.6,61.4,53.8,68.4,68.5,61.5,74.8,66.3,58.8,73,74.7,67,81,68.8,61.6,75.3
IN-Lake County,,NaN,NaN,,NaN,NaN,43.9,36.3,51.9,NaN,NaN,NaN,NaN,NaN,NaN,NaN,NaN,NaN,NaN,NaN,NaN,NaN,NaN,NaN,NaN,NaN,NaN,,NaN,NaN
IN-Marion County,63.2,56.7,69.2,,NaN,NaN,50.1,42.8,57.5,NaN,NaN,NaN,NaN,NaN,NaN,NaN,NaN,NaN,NaN,NaN,NaN,NaN,NaN,NaN,NaN,NaN,NaN,,NaN,NaN
IN-Rest of State,61.5,55,67.5,70.3,63.4,76.4,41.8,33.8,50.2,NaN,NaN,NaN,NaN,NaN,NaN,NaN,NaN,NaN,NaN,NaN,NaN,NaN,NaN,NaN,NaN,NaN,NaN,,NaN,NaN
Iowa,64.2,57,70.8,67.2,60.4,73.3,42.5,35.6,49.7,57.7,50.4,64.7,71.6,64.2,78,74.8,68,80.6,78.3,70.9,84.3,71.3,62.5,78.8,77.9,71.9,82.9,73.5,67.5,78.8
Kansas,64.8,57.8,71.3,69.5,62.7,75.6,46,37.6,54.7,54.9,47.4,62.2,73.5,65.8,80,65,58,71.4,68.7,61.1,75.3,76.5,68.6,82.8,75.2,68.3,81,76.4,69.4,82.3
KS-Eastern KS,,NaN,NaN,,NaN,NaN,,NaN,NaN,NaN,NaN,NaN,NaN,NaN,NaN,NaN,NaN,NaN,NaN,NaN,NaN,NaN,NaN,NaN,NaN,NaN,NaN,,NaN,NaN
KS-Rest of State,64.8,57.8,71.3,69.5,62.7,75.6,46,37.6,54.7,NaN,NaN,NaN,NaN,NaN,NaN,NaN,NaN,NaN,NaN,NaN,NaN,NaN,NaN,NaN,NaN,NaN,NaN,,NaN,NaN
Kentucky,63.3,56.3,69.7,66.4,59.4,72.8,43.4,37.5,49.4,51.8,45.2,58.3,77.6,70.1,83.6,68.2,61.3,74.4,72.7,64,79.9,72.3,63.9,79.5,73,66,79.1,74.5,66.8,80.9
Louisiana,66.9,59.7,73.3,72.5,66.4,77.8,53.7,46.2,60.9,57.8,49.9,65.3,69.6,62.6,75.9,68.5,61,75.1,69.1,61.1,76,73.2,65.6,79.6,70.8,62.6,77.8,66.8,59.4,73.4
LA-Orleans Parish,NaN,NaN,NaN,NaN,NaN,NaN,NaN,NaN,NaN,NaN,NaN,NaN,NaN,NaN,NaN,NaN,NaN,NaN,NaN,NaN,NaN,NaN,NaN,NaN,NaN,NaN,NaN,,NaN,NaN
LA-Rest of State,NaN,NaN,NaN,NaN,NaN,NaN,NaN,NaN,NaN,NaN,NaN,NaN,NaN,NaN,NaN,NaN,NaN,NaN,NaN,NaN,NaN,NaN,NaN,NaN,NaN,NaN,NaN,,NaN,NaN
Maine,67,59.5,73.7,66.5,60,72.5,37.6,31,44.7,44,36.5,51.7,69,62.4,74.8,72.6,65.5,78.7,68,60,75,84.7,79,89.1,71.8,63.3,79,70.6,63.8,76.5
Maryland,79.9,73.1,85.4,73.6,67.6,78.8,45.2,37.3,53.4,51.1,43.7,58.5,73.8,68,78.9,67.1,59.6,73.8,75.8,66.8,82.9,74.4,66.1,81.3,76.8,70.5,82.2,74.4,67.3,80.4
MD-City of Baltimore,,NaN,NaN,68.2,61.6,74.3,39.8,32.9,47.1,NaN,NaN,NaN,NaN,NaN,NaN,NaN,NaN,NaN,NaN,NaN,NaN,NaN,NaN,NaN,NaN,NaN,NaN,,NaN,NaN
MD-Prince George's County,,NaN,NaN,,NaN,NaN,,NaN,NaN,,NaN,NaN,67.6,60.2,74.2,,NaN,NaN,NaN,NaN,NaN,NaN,NaN,NaN,NaN,NaN,NaN,,NaN,NaN
MD-Rest of State,79.9,73.1,85.4,74.3,67.5,80.2,46,37,55.3,51.1,43.7,58.5,75,68.1,80.9,67.1,59.6,73.8,NaN,NaN,NaN,NaN,NaN,NaN,NaN,NaN,NaN,,NaN,NaN
Massachusetts,76,67.9,82.6,76.2,69.3,81.9,32.7,26.6,39.4,61.6,54.3,68.3,70.7,61.9,78.2,73.5,66.9,79.3,78.5,71.2,84.3,75.4,67.5,81.8,78.5,71.9,83.9,85.3,79.6,89.6
MA-City of Boston,,NaN,NaN,,NaN,NaN,,NaN,NaN,NaN,NaN,NaN,NaN,NaN,NaN,NaN,NaN,NaN,NaN,NaN,NaN,NaN,NaN,NaN,NaN,NaN,NaN,,NaN,NaN
MA-Rest of State,76,67.9,82.6,76.2,69.3,81.9,32.7,26.6,39.4,NaN,NaN,NaN,NaN,NaN,NaN,NaN,NaN,NaN,NaN,NaN,NaN,NaN,NaN,NaN,NaN,NaN,NaN,,NaN,NaN
Michigan,66.9,59.1,73.9,69.8,62.6,76.1,52.1,44.7,59.5,65.2,58.1,71.7,66.2,58.2,73.4,70.5,62.7,77.2,70,62.1,76.8,65,56.1,73,67.6,59.9,74.5,70.2,62.1,77.2
MI-City of Detroit,,NaN,NaN,,NaN,NaN,,NaN,NaN,NaN,NaN,NaN,NaN,NaN,NaN,NaN,NaN,NaN,NaN,NaN,NaN,NaN,NaN,NaN,NaN,NaN,NaN,,NaN,NaN
MI-Rest of State,66.9,59.1,73.9,69.8,62.6,76.1,52.1,44.7,59.5,NaN,NaN,NaN,NaN,NaN,NaN,NaN,NaN,NaN,NaN,NaN,NaN,NaN,NaN,NaN,NaN,NaN,NaN,,NaN,NaN
Minnesota,72.8,65.3,79.2,66.8,60.8,72.3,41.9,35.5,48.6,52.5,45.1,59.7,72,64.6,78.4,66.2,58.2,73.3,74.1,65.6,81.2,70.5,61,78.4,73.2,66.3,79.1,73.8,66.3,80.1
MN-Twin Cities,,NaN,NaN,68.5,61.1,75,,NaN,NaN,NaN,NaN,NaN,NaN,NaN,NaN,NaN,NaN,NaN,NaN,NaN,NaN,NaN,NaN,NaN,NaN,NaN,NaN,,NaN,NaN
MN-Rest of State,72.8,65.3,79.2,64.7,54.4,73.8,41.9,35.5,48.6,NaN,NaN,NaN,NaN,NaN,NaN,NaN,NaN,NaN,NaN,NaN,NaN,NaN,NaN,NaN,NaN,NaN,NaN,,NaN,NaN
Mississippi,61.2,53.1,68.7,68.9,62,75,59.2,52.8,65.2,61.7,55.5,67.6,67.8,59.9,74.8,77.5,69.8,83.7,74.6,66.1,81.5,70.7,61.2,78.7,70.6,62.6,77.6,70.4,62.8,77.1
Missouri,64.7,56.9,71.8,61.5,54.6,67.9,31.5,25.5,38.2,55.3,48.8,61.7,64.1,57.7,70,63.9,55.6,71.4,67.9,59.8,75.1,70,61.6,77.2,71,63.1,77.8,66.9,58.6,74.2
MO-St. Louis County/City of,,NaN,NaN,,NaN,NaN,,NaN,NaN,NaN,NaN,NaN,NaN,NaN,NaN,NaN,NaN,NaN,NaN,NaN,NaN,NaN,NaN,NaN,NaN,NaN,NaN,,NaN,NaN
MO-Rest of State,64.7,56.9,71.8,61.5,54.6,67.9,31.5,25.5,38.2,NaN,NaN,NaN,NaN,NaN,NaN,NaN,NaN,NaN,NaN,NaN,NaN,NaN,NaN,NaN,NaN,NaN,NaN,,NaN,NaN
Montana,58,50.9,64.8,56,49.1,62.7,38.7,31.4,46.5,50,43,56.9,59.6,50.6,68,66.5,59,73.2,65.4,56.8,73,67.1,58.5,74.8,68.1,60.7,74.8,63.6,56,70.7
Nebraska,74.4,66.6,80.8,63,56.6,69.1,38.1,31.2,45.6,66.3,59.1,72.9,77.6,70.6,83.3,72.6,65.6,78.6,79,72.5,84.3,80.2,73.3,85.7,73.8,67.1,79.6,80.6,73.7,86
Nevada,50.7,43.2,58.2,54.2,47.2,61.1,39.3,32.9,46.2,46.4,39.2,53.7,64.7,55.8,72.7,65.3,58.5,71.6,60.6,54,66.8,67.7,60.7,73.9,71.3,63.8,77.8,71.9,63.9,78.7
NV-Clark County,,NaN,NaN,,NaN,NaN,,NaN,NaN,NaN,NaN,NaN,NaN,NaN,NaN,NaN,NaN,NaN,NaN,NaN,NaN,NaN,NaN,NaN,NaN,NaN,NaN,,NaN,NaN
NV-Rest of State,50.7,43.2,58.2,54.2,47.2,61.1,39.3,32.9,46.2,NaN,NaN,NaN,NaN,NaN,NaN,NaN,NaN,NaN,NaN,NaN,NaN,NaN,NaN,NaN,NaN,NaN,NaN,,NaN,NaN
New Hampshire,80.5,73.5,85.9,74.6,68.3,80.1,39.1,32.3,46.4,63.3,55.5,70.5,70.8,63.2,77.4,80.1,73.7,85.2,74.9,67.4,81.1,80.4,73.6,85.8,74.1,66.4,80.5,78,71.4,83.5
New Jersey,62.3,54.2,69.8,59.7,53,66,44.7,38.4,51.2,51.6,44.6,58.5,67.9,61.8,73.5,71.5,64.7,77.4,72.9,65.7,79.1,67.2,59.5,74.1,76.5,69.4,82.4,70.2,62.8,76.6
NJ-City of Newark,,NaN,NaN,,NaN,NaN,,NaN,NaN,NaN,NaN,NaN,NaN,NaN,NaN,NaN,NaN,NaN,NaN,NaN,NaN,NaN,NaN,NaN,NaN,NaN,NaN,,NaN,NaN
NJ-Rest of State,62.3,54.2,69.8,59.7,53,66,44.7,38.4,51.2,NaN,NaN,NaN,NaN,NaN,NaN,NaN,NaN,NaN,NaN,NaN,NaN,NaN,NaN,NaN,NaN,NaN,NaN,,NaN,NaN
New Mexico,65.4,57.3,72.6,72.9,66,78.8,45.8,39.3,52.4,53.1,46.5,59.6,69.8,62.9,75.9,71.6,64.5,77.7,65.7,58.1,72.5,75.9,68.3,82.1,70.1,61.7,77.4,68.5,61.5,74.6
NM-Southern NM,,NaN,NaN,,NaN,NaN,,NaN,NaN,NaN,NaN,NaN,NaN,NaN,NaN,NaN,NaN,NaN,NaN,NaN,NaN,NaN,NaN,NaN,NaN,NaN,NaN,,NaN,NaN
NM-Rest of State,65.4,57.3,72.6,72.9,66,78.8,45.8,39.3,52.4,NaN,NaN,NaN,NaN,NaN,NaN,NaN,NaN,NaN,NaN,NaN,NaN,NaN,NaN,NaN,NaN,NaN,NaN,,NaN,NaN
New York,65.2,60.2,69.8,65.1,60.4,69.5,47.8,42.5,53.1,49,43.5,54.5,61.3,56,66.4,63.7,59,68.1,72.2,66.9,77,70.7,65.3,75.7,71.9,67.3,76.1,72.3,67.8,76.3
NY-City of New York,64.4,58.2,70.1,66.6,60,72.7,50.8,43.2,58.4,47.9,40.3,55.7,62.5,55,69.4,62.8,56.1,69,69.8,62.5,76.2,70.1,62.2,77,68.2,61.4,74.3,68.1,61.4,74.1
NY-Rest of State,65.9,58,73,63.7,57,69.9,44.9,37.6,52.4,50,42.2,57.7,60.2,52.5,67.3,64.6,57.9,70.8,74.6,66.5,81.3,71.4,63.6,78.1,75.7,69.1,81.2,76.5,70.3,81.7
North Carolina,70.1,62.7,76.6,64.4,57.5,70.8,40.2,33,47.8,52.1,45.8,58.4,65.6,57.1,73.2,75.4,68.3,81.3,72,64,78.8,80.8,73,86.8,76.4,69.3,82.3,77.8,70.1,83.9
North Dakota,68.9,62.3,74.8,65.5,59,71.5,43.4,36.5,50.7,65.8,59.3,71.7,79.1,71.3,85.2,72.2,64.5,78.8,72,65.4,77.8,71.3,63.9,77.8,80.2,73.8,85.3,68.2,60.2,75.3
Ohio,64.5,57.7,70.7,71.5,64.3,77.8,44.7,37.6,52,62.5,54.6,69.7,74.7,65.6,82,66.8,59.6,73.3,61.7,54,68.9,68.1,60,75.2,68.3,59.9,75.6,68,60,75.1
OH-Cuyahoga County,,NaN,NaN,,NaN,NaN,,NaN,NaN,NaN,NaN,NaN,NaN,NaN,NaN,NaN,NaN,NaN,NaN,NaN,NaN,NaN,NaN,NaN,NaN,NaN,NaN,,NaN,NaN
OH-Franklin County,,NaN,NaN,,NaN,NaN,,NaN,NaN,NaN,NaN,NaN,NaN,NaN,NaN,NaN,NaN,NaN,NaN,NaN,NaN,NaN,NaN,NaN,NaN,NaN,NaN,,NaN,NaN
OH-Rest of State,64.5,57.7,70.7,71.5,64.3,77.8,44.7,37.6,52,NaN,NaN,NaN,NaN,NaN,NaN,NaN,NaN,NaN,NaN,NaN,NaN,NaN,NaN,NaN,NaN,NaN,NaN,,NaN,NaN
Oklahoma,53.3,45.6,60.9,56.4,48.8,63.7,51.9,45.1,58.5,49.2,42.8,55.7,66,58.7,72.6,61,53.2,68.3,62.7,56.2,68.7,73.3,65.1,80.1,75.4,67.4,81.9,67,58.9,74.3
Oregon,62.7,54.6,70.2,68.3,60.3,75.3,44.3,37.9,50.8,51.9,45,58.7,61.7,53.2,69.5,66.7,59.7,73.1,66.6,59.9,72.8,65.3,57,72.7,67.4,59.1,74.7,58.1,50.9,64.9
Pennsylvania,68.3,63.2,73.1,71.3,65.5,76.4,38.8,32.9,44.9,61.3,55.8,66.5,69.7,64.5,74.4,68.3,62.1,73.9,75.5,69.9,80.3,78.6,73.2,83.1,72.8,66.6,78.2,73.7,67.4,79.1
PA-Allegheny County,,NaN,NaN,,NaN,NaN,,NaN,NaN,NaN,NaN,NaN,NaN,NaN,NaN,NaN,NaN,NaN,NaN,NaN,NaN,NaN,NaN,NaN,NaN,NaN,NaN,,NaN,NaN
PA-Philadelphia,73,65,79.6,71.6,65.5,76.9,35.8,29.4,42.8,56.2,48.9,63.2,67.5,60,74.1,73.8,66.2,80.2,76.7,69.6,82.5,76.2,68.7,82.3,76.1,69.6,81.6,83.4,77.4,88
PA-Rest of State,67.5,61.6,72.9,71.2,64.5,77.1,39.3,32.5,46.5,62.3,55.9,68.2,70.1,64.1,75.6,67.2,60,73.7,75.3,68.7,80.9,79,72.7,84.2,72.2,64.9,78.5,71.9,64.5,78.2
Rhode Island,69.2,61.4,76.1,68.6,60.8,75.5,29.2,22.7,36.7,56.6,48.5,64.4,67.3,60.4,73.6,72.5,65.5,78.5,82.1,74.4,87.8,75.6,67.5,82.1,77.2,70.7,82.6,75.5,68.3,81.6
South Carolina,74.9,69.2,79.8,70.6,64.2,76.3,34.6,28.5,41.3,53.2,46.5,59.7,65.1,57.6,71.9,71.8,64.7,78,66.5,57.8,74.3,72.6,63.8,79.9,68.2,60.5,75.1,69.7,62.8,75.8
South Dakota,45.8,38.5,53.2,62.7,56.1,68.9,42.8,35.9,49.9,48.7,41.9,55.6,62.9,52,72.6,63.6,57,69.7,73.8,65.5,80.8,76.3,67.1,83.6,75.6,68.2,81.7,70.4,63.4,76.6
Tennessee,64.3,56.3,71.6,73.6,67.2,79.2,44.8,38.3,51.4,61.8,55,68.2,70.4,63.3,76.6,73.1,65.8,79.3,68.5,61.3,74.8,71.9,63.6,78.9,70.1,62.2,77,67.4,59.6,74.4
TN-Davidson County,,NaN,NaN,,NaN,NaN,,NaN,NaN,NaN,NaN,NaN,NaN,NaN,NaN,NaN,NaN,NaN,NaN,NaN,NaN,NaN,NaN,NaN,NaN,NaN,NaN,,NaN,NaN
TN-Shelby County,,NaN,NaN,,NaN,NaN,,NaN,NaN,NaN,NaN,NaN,NaN,NaN,NaN,NaN,NaN,NaN,NaN,NaN,NaN,NaN,NaN,NaN,NaN,NaN,NaN,,NaN,NaN
TN-Rest of State,64.3,56.3,71.6,73.6,67.2,79.2,44.8,38.3,51.4,NaN,NaN,NaN,NaN,NaN,NaN,NaN,NaN,NaN,NaN,NaN,NaN,NaN,NaN,NaN,NaN,NaN,NaN,,NaN,NaN
Texas,68.5,64,72.7,70.5,64.8,75.5,40.7,35.5,46.1,58.6,54.2,63,72.7,68.5,76.5,64.8,60.7,68.7,72.5,67.2,77.2,64,58.7,69,71.2,66.8,75.2,69.5,65.3,73.3
TX-Bexar County,74,67.8,79.3,70.9,63.6,77.3,40.1,32.8,47.9,57.3,50,64.3,67.4,60.2,73.9,65.7,57.9,72.8,70.6,63.1,77.2,66.4,59.1,73,67.5,60.1,74.2,69.4,60.8,76.7
TX-City of Houston,64.1,57.8,70,64.1,56.8,70.8,44.8,36.7,53.2,55.7,48.6,62.5,69.4,62.1,75.8,70.9,62.5,78.1,77.6,69.4,84.1,70.4,61.8,77.7,70.5,62.8,77.2,73.1,64.4,80.3
TX-Dallas County,61,54.1,67.5,69,62.2,75.1,39.1,31.8,47,57.8,50.5,64.7,68.1,61,74.4,69.8,61.9,76.7,NaN,NaN,NaN,NaN,NaN,NaN,NaN,NaN,NaN,71.2,62.1,79
TX-El Paso County,63.1,55.8,69.9,66.8,60.6,72.5,32.5,26.9,38.6,50.1,42.6,57.7,67.7,60.2,74.4,62.3,55.5,68.7,69.7,62.7,75.9,74.4,67,80.7,71.6,64.1,78.2,72.8,63.8,80.2
TX-Hidalgo County,NaN,NaN,NaN,NaN,NaN,NaN,NaN,NaN,NaN,NaN,NaN,NaN,NaN,NaN,NaN,NaN,NaN,NaN,NaN,NaN,NaN,NaN,NaN,NaN,NaN,NaN,NaN,,NaN,NaN
TX-Rest of State,70.4,63.7,76.4,72.1,63.5,79.3,40.7,33.2,48.6,59.9,53.4,66,74.9,68.8,80.1,62.9,57.2,68.4,72,65.2,77.9,62.2,55.5,68.5,71.6,65.7,76.8,68.3,62.5,73.6
Utah,61.4,54.4,67.9,65.5,56.9,73.3,41.2,34.2,48.6,49.9,42.9,56.8,66.7,59.4,73.2,73,65.2,79.6,75.2,68.6,80.8,70.8,62.4,78,68.1,60.4,74.9,72.2,64.9,78.5
Vermont,62.7,53.9,70.8,60.8,53.6,67.5,23,18.2,28.5,40.6,33.9,47.6,67.5,60.5,73.7,63.2,56.3,69.5,66.9,60,73.1,71.8,64.6,78,75.6,69.2,81.1,76.8,70.6,82
Virginia,67.9,61.5,73.7,68.1,58.9,76,40,32.5,47.9,55.2,48.6,61.7,68.3,60.8,74.9,69.8,61.6,76.9,69.2,58.5,78.3,73.7,64,81.5,64.4,55.7,72.2,65.9,56.5,74.1
Washington,64.6,58.1,70.5,67.3,60.8,73.2,35.6,30.2,41.4,55.7,49.7,61.4,68.1,61.3,74.2,65.2,57.7,72,70.8,62.5,78,67.4,58.9,74.9,77.1,70.8,82.3,75.7,69.4,81.1
WA-Eastern WA Counties,,NaN,NaN,,NaN,NaN,,NaN,NaN,57.9,50.2,65.2,,NaN,NaN,,NaN,NaN,NaN,NaN,NaN,NaN,NaN,NaN,NaN,NaN,NaN,,NaN,NaN
WA-King County,,NaN,NaN,,NaN,NaN,,NaN,NaN,NaN,NaN,NaN,NaN,NaN,NaN,NaN,NaN,NaN,NaN,NaN,NaN,NaN,NaN,NaN,NaN,NaN,NaN,,NaN,NaN
WA-Western Counties,66.8,59.5,73.4,,NaN,NaN,,NaN,NaN,55,47.5,62.2,,NaN,NaN,,NaN,NaN,NaN,NaN,NaN,NaN,NaN,NaN,NaN,NaN,NaN,,NaN,NaN
WA-Eastern/Western WA,,NaN,NaN,68.7,62,74.7,34.2,28.2,40.6,NaN,NaN,NaN,NaN,NaN,NaN,NaN,NaN,NaN,NaN,NaN,NaN,NaN,NaN,NaN,NaN,NaN,NaN,,NaN,NaN
WA-Rest of State,64.1,56.4,71.1,66.7,57.8,74.6,36.2,29,44.2,NaN,NaN,NaN,NaN,NaN,NaN,NaN,NaN,NaN,NaN,NaN,NaN,NaN,NaN,NaN,NaN,NaN,NaN,,NaN,NaN
West Virginia,64.9,58.4,70.8,62.8,55.3,69.8,30.5,23.5,38.4,47.7,41.3,54.2,60.9,54.7,66.8,60.8,52.7,68.3,65.5,57.3,72.9,63.4,55.4,70.7,64.9,56.8,72.2,64.7,57.3,71.5
Wisconsin,69.6,61.9,76.2,72.6,64.9,79.1,39.2,32.8,46,69.7,63.2,75.6,70.9,63,77.7,75.2,68.1,81.1,72.8,65.1,79.3,70.9,62.9,77.9,68.8,61.3,75.4,79.4,72.3,85.1
WI-Milwaukee County,,NaN,NaN,,NaN,NaN,,NaN,NaN,NaN,NaN,NaN,NaN,NaN,NaN,NaN,NaN,NaN,NaN,NaN,NaN,NaN,NaN,NaN,NaN,NaN,NaN,,NaN,NaN
WI-Rest of State,69.6,61.9,76.2,72.6,64.9,79.1,39.2,32.8,46,NaN,NaN,NaN,NaN,NaN,NaN,NaN,NaN,NaN,NaN,NaN,NaN,NaN,NaN,NaN,NaN,NaN,NaN,,NaN,NaN
Wyoming,58.7,51.4,65.6,56.2,49.5,62.7,43.6,36.9,50.4,52,44.2,59.7,59.1,49.4,68.2,67.2,60,73.6,70,61.8,77.1,64,54.3,72.6,73.3,65.6,79.8,62.8,55.7,69.4
Guam,,NaN,NaN,,NaN,NaN,,NaN,NaN,,NaN,NaN,,NaN,NaN,,NaN,NaN,NaN,NaN,NaN,NaN,NaN,NaN,NaN,NaN,NaN,50.1,43.8,56.3
Puerto Rico,,NaN,NaN,,NaN,NaN,,NaN,NaN,,NaN,NaN,,NaN,NaN,,NaN,NaN,NaN,NaN,NaN,NaN,NaN,NaN,NaN,NaN,NaN,64.4,57.5,70.7
U.S. Virgin Islands,,NaN,NaN,,NaN,NaN,30.9,24.7,37.9,37.1,29.4,45.4,41.9,36.2,47.8,41.5,34.2,49.3,NaN,NaN,NaN,NaN,NaN,NaN,NaN,NaN,NaN,45.7,38.5,53.2
United States,66.5,65.2,67.7,68.4,67.2,69.6,44.3,42.9,45.7,56.6,55.2,57.9,68.5,67.3,69.8,68.4,66.9,69.7,70.4,68.8,71.9,71.6,70.2,73.1,72.2,70.9,73.6,70.7,69.2,72.2
Region  1,75.9,71.8,79.5,71.5,67.7,74.9,33.4,29.6,37.5,58.2,54.1,62.1,71.2,66.8,75.2,74.5,70.9,77.7,77.1,73.2,80.5,75.9,71.7,79.6,77.8,74.3,81,79.9,76.7,82.8
Region  2,64.2,60,68.3,63.4,59.6,67,46.8,42.7,51,49.8,45.5,54.1,63.4,59.3,67.3,66.1,62.3,69.8,72.4,68.2,76.3,69.6,65.2,73.7,73.4,69.5,76.9,71.6,67.8,75.1
Region  3,70.5,67.5,73.4,70.1,66.4,73.5,40.2,36.6,44,56.6,53.2,59.8,69.5,66.4,72.5,68.3,64.6,71.8,73.1,69,76.9,75.2,71.4,78.6,71,67.3,74.5,71.1,67.2,74.7
Region  4,65.5,62.6,68.4,68.9,66.2,71.4,45.6,42.7,48.4,58.2,55.4,61,68.3,65.3,71,72.1,69.2,74.9,70.8,67.2,74.2,74.3,70.9,77.5,71.2,68.2,74,72.2,68.9,75.3
Region  5,66.3,63.6,69,69,66.2,71.6,47.4,44.5,50.3,61.3,58.4,64.1,69.3,66.2,72.2,68,65.2,70.7,68,65,70.8,67.9,64.7,71,70.2,67.3,73,71.3,68.3,74
Region  6,66,62.7,69.2,69.1,65.2,72.8,42.9,39.1,46.8,57.2,54,60.4,71.2,68.1,74,65.3,62.2,68.2,69.8,66.1,73.3,66.5,62.7,70.2,71.2,67.9,74.2,68.8,65.7,71.7
Region  7,66,61.9,69.8,64.7,61,68.2,38,34.2,41.9,57.3,53.6,60.9,69.7,66.1,73.1,67.7,63.6,71.6,71.9,67.7,75.7,73.2,68.9,77.1,73.8,70,77.4,72.4,68.3,76.2
Region  8,61.6,56.8,66.1,68.1,63.6,72.2,43.9,39.3,48.6,53.4,49.5,57.3,65.8,61.1,70.1,70.9,66.6,75,71.4,67.6,74.9,71.5,67.5,75.1,72.7,69,76.2,72.4,68.4,76.2
Region  9,66.8,62.2,71,69.5,65.5,73.1,47.3,42.4,52.3,54.2,48.9,59.4,68.6,63.8,73,67.1,60.9,72.8,68.2,61.7,74,75.6,69.8,80.7,74.4,68.5,79.5,66.6,59.6,72.9
Region 10,62.4,58.3,66.4,65.5,61.4,69.4,38.9,35.3,42.6,52.8,49,56.6,64.8,60.3,69,65,60.5,69.3,69.2,64.4,73.6,66.6,61.5,71.4,73,68.9,76.7,70.2,66.3,73.9
HP 2020 Target,80,NaN,NaN,80,NaN,NaN,80,NaN,NaN,80,NaN,NaN,80,NaN,NaN,80,NaN,NaN,80,NaN,NaN,80,NaN,NaN,80,NaN,NaN,80,NaN,NaN
